id,created_at,in_reply_to_id,in_reply_to_account_id,sensitive,spoiler_text,visibility,language,uri,url,replies_count,reblogs_count,favourites_count,edited_at,content,reblog,account,media_attachments,mentions,tags,emojis,card,poll,application
110225649848416758,2023-04-19T13:12:11.000Z,,,False,,public,de,https://openbiblio.social/users/FDM/statuses/110225649272847034,https://openbiblio.social/@FDM/110225649272847034,0,2,0,,"<p>Wissensh√§ppchen an der med. Zentralbibliothek: <a href=""https://www.mzb.ovgu.de/"" rel=""nofollow noopener noreferrer"" target=""_blank""><span class=""invisible"">https://www.</span><span class="""">mzb.ovgu.de/</span><span class=""invisible""></span></a> <br>Ich freue mich auf den 10.Mai! <a href=""https://openbiblio.social/tags/FDM"" class=""mention hashtag"" rel=""nofollow noopener noreferrer"" target=""_blank"">#<span>FDM</span></a> <a href=""https://openbiblio.social/tags/Forschungsdatenmanagement"" class=""mention hashtag"" rel=""nofollow noopener noreferrer"" target=""_blank"">#<span>Forschungsdatenmanagement</span></a> <a href=""https://openbiblio.social/tags/Medizin"" class=""mention hashtag"" rel=""nofollow noopener noreferrer"" target=""_blank"">#<span>Medizin</span></a></p>",,"{'id': '109292236172055483', 'username': 'FDM', 'acct': 'FDM@openbiblio.social', 'display_name': 'Annette Strauch-Davey, M.A.', 'locked': False, 'bot': False, 'discoverable': True, 'group': False, 'created_at': '2022-11-05T00:00:00.000Z', 'note': '<p>Forschungsdatenmanagement <br>&amp; Data Stewardship: <a href=""https://www.ovgu.de/unimagdeburg_media/Organisation/NEWSLETTER/Archiv/NL_11_2022_CONTENT/Forschungsdatenmanagement.pdf"" rel=""nofollow noopener noreferrer"" target=""_blank""><span class=""invisible"">https://www.</span><span class=""ellipsis"">ovgu.de/unimagdeburg_media/Org</span><span class=""invisible"">anisation/NEWSLETTER/Archiv/NL_11_2022_CONTENT/Forschungsdatenmanagement.pdf</span></a></p>', 'url': 'https://openbiblio.social/@FDM', 'avatar': 'https://files.mastodon.social/cache/accounts/avatars/109/292/236/172/055/483/original/99ebad1966a1a35a.jpg', 'avatar_static': 'https://files.mastodon.social/cache/accounts/avatars/109/292/236/172/055/483/original/99ebad1966a1a35a.jpg', 'header': 'https://files.mastodon.social/cache/accounts/headers/109/292/236/172/055/483/original/1fd7c5a455d43638.jpeg', 'header_static': 'https://files.mastodon.social/cache/accounts/headers/109/292/236/172/055/483/original/1fd7c5a455d43638.jpeg', 'followers_count': 1317, 'following_count': 3029, 'statuses_count': 1021, 'last_status_at': '2023-04-22', 'emojis': [], 'fields': []}","[{'id': '110225649694785154', 'type': 'image', 'url': 'https://files.mastodon.social/cache/media_attachments/files/110/225/649/694/785/154/original/f4e7c6679cf93f47.png', 'preview_url': 'https://files.mastodon.social/cache/media_attachments/files/110/225/649/694/785/154/small/f4e7c6679cf93f47.png', 'remote_url': 'https://openbiblio.social/system/media_attachments/files/110/225/649/169/047/767/original/8073b41b369e5dd3.png', 'preview_remote_url': None, 'text_url': None, 'meta': {'original': {'width': 1340, 'height': 707, 'size': '1340x707', 'aspect': 1.8953323903818953}, 'small': {'width': 661, 'height': 349, 'size': '661x349', 'aspect': 1.8939828080229226}}, 'description': None, 'blurhash': 'UYJ8eU%MD*i^~qM{ofNGxuIAadtS%Nt8ogWX'}]",[],"[{'name': 'fdm', 'url': 'https://mastodon.social/tags/fdm'}, {'name': 'forschungsdatenmanagement', 'url': 'https://mastodon.social/tags/forschungsdatenmanagement'}, {'name': 'medizin', 'url': 'https://mastodon.social/tags/medizin'}]",[],"{'url': 'https://www.mzb.ovgu.de/', 'title': '\n\t\t OVGU -\t\t Medizinische Zentralbibliothek\t', 'description': 'Partner f√ºr Forschung, Studium, Lehre sowie Patientenversorgung f√ºr Universit√§tsklinikum und  Med. Fakult√§t der Otto-von-Guericke-Universit√§t Magdeburg', 'type': 'link', 'author_name': '', 'author_url': '', 'provider_name': '', 'provider_url': '', 'html': '', 'width': 0, 'height': 0, 'image': None, 'embed_url': '', 'blurhash': None}",,
110021309983811097,2023-03-14T11:05:58.000Z,,,False,,public,de,https://wisskomm.social/users/ratswd/statuses/110021309816426404,https://wisskomm.social/@ratswd/110021309816426404,0,0,0,,"<p>Auch Daten sollten FAIR sein? Was ein gutes Forschungsdatenmanagement ausmacht, zeigt die neue Handreichung des RatSWD. Au√üerdem wird ein Foliensatz zur Nutzung in der Lehre zur Verf√ºgung gestellt.<br>Hier geht es zur Handreichung und dem Foliensatz: <a href=""https://www.konsortswd.de/aktuelles/publikation/fdm-in-kleinen-forschungsprojekten/"" rel=""nofollow noopener noreferrer"" target=""_blank""><span class=""invisible"">https://www.</span><span class=""ellipsis"">konsortswd.de/aktuelles/publik</span><span class=""invisible"">ation/fdm-in-kleinen-forschungsprojekten/</span></a><br><a href=""https://wisskomm.social/tags/FDM"" class=""mention hashtag"" rel=""nofollow noopener noreferrer"" target=""_blank"">#<span>FDM</span></a></p>",,"{'id': '109658919975458236', 'username': 'ratswd', 'acct': 'ratswd@wisskomm.social', 'display_name': 'RatSWD', 'locked': False, 'bot': False, 'discoverable': True, 'group': False, 'created_at': '2023-01-09T00:00:00.000Z', 'note': '<p>Rat f√ºr Sozial- und Wirtschaftsdaten | German Data Forum | Die Gesch√§ftsstelle zu  <a href=""https://wisskomm.social/tags/Forschung"" class=""mention hashtag"" rel=""nofollow noopener noreferrer"" target=""_blank"">#<span>Forschung</span></a> <a href=""https://wisskomm.social/tags/Daten"" class=""mention hashtag"" rel=""nofollow noopener noreferrer"" target=""_blank"">#<span>Daten</span></a> <a href=""https://wisskomm.social/tags/Infrastruktur"" class=""mention hashtag"" rel=""nofollow noopener noreferrer"" target=""_blank"">#<span>Infrastruktur</span></a></p>', 'url': 'https://wisskomm.social/@ratswd', 'avatar': 'https://files.mastodon.social/cache/accounts/avatars/109/658/919/975/458/236/original/ae097ec7c6dd2b15.jpg', 'avatar_static': 'https://files.mastodon.social/cache/accounts/avatars/109/658/919/975/458/236/original/ae097ec7c6dd2b15.jpg', 'header': 'https://mastodon.social/headers/original/missing.png', 'header_static': 'https://mastodon.social/headers/original/missing.png', 'followers_count': 59, 'following_count': 83, 'statuses_count': 27, 'last_status_at': '2023-03-24', 'emojis': [], 'fields': [{'name': 'Webseite', 'value': '<a href=""https://www.konsortswd.de/ratswd/"" rel=""nofollow noopener noreferrer"" target=""_blank""><span class=""invisible"">https://www.</span><span class="""">konsortswd.de/ratswd/</span><span class=""invisible""></span></a>', 'verified_at': None}, {'name': 'Twitter', 'value': '<span class=""h-card""><a href=""https://wisskomm.social/@ratswd"" class=""u-url mention"" rel=""nofollow noopener noreferrer"" target=""_blank"">@<span>ratswd</span></a></span>', 'verified_at': None}]}","[{'id': '110021309891622730', 'type': 'image', 'url': 'https://files.mastodon.social/cache/media_attachments/files/110/021/309/891/622/730/original/aae3903103c314f9.png', 'preview_url': 'https://files.mastodon.social/cache/media_attachments/files/110/021/309/891/622/730/small/aae3903103c314f9.png', 'remote_url': 'https://wisskomm.social/system/media_attachments/files/110/021/309/630/984/862/original/1ca7c4b41fcfe8c2.png', 'preview_remote_url': None, 'text_url': None, 'meta': {'original': {'width': 1024, 'height': 576, 'size': '1024x576', 'aspect': 1.7777777777777777}, 'small': {'width': 640, 'height': 360, 'size': '640x360', 'aspect': 1.7777777777777777}}, 'description': None, 'blurhash': 'UkLEE500t7bH-ps.xut7ofRjoLogRPt7WBWB'}]",[],"[{'name': 'fdm', 'url': 'https://mastodon.social/tags/fdm'}]",[],"{'url': 'https://www.konsortswd.de/aktuelles/publikation/fdm-in-kleinen-forschungsprojekten/', 'title': 'Forschungsdatenmanagement in kleinen Forschungsprojekten - KonsortSWD', 'description': 'Eine Handreichung f√ºr die Praxis', 'type': 'link', 'author_name': '', 'author_url': '', 'provider_name': 'KonsortSWD', 'provider_url': '', 'html': '', 'width': 400, 'height': 225, 'image': 'https://files.mastodon.social/cache/preview_cards/images/056/796/640/original/9af34b3e7afbcfcf.png', 'embed_url': '', 'blurhash': 'UdLEE400t7xu-poIxuxvkCRjj@ogM{t7WVM{'}",,
109862155874201879,2023-02-14T08:31:00.000Z,,,False,,public,de,https://openbiblio.social/users/fdm_bayern/statuses/109862155718406374,https://openbiblio.social/@fdm_bayern/109862155718406374,0,1,0,2023-02-14T13:43:24.000Z,"<p>""Metadaten als Liebesbrief an die Zukunft"" üíå An der UB Augsburg wird der heutige <a href=""https://openbiblio.social/tags/Valentinstag"" class=""mention hashtag"" rel=""nofollow noopener noreferrer"" target=""_blank"">#<span>Valentinstag</span></a> mit einer besonderen Coffee Lecture gefeiert. W√§hrend der <a href=""https://openbiblio.social/tags/LoveDataWeek"" class=""mention hashtag"" rel=""nofollow noopener noreferrer"" target=""_blank"">#<span>LoveDataWeek</span></a> stellen die Kolleg*innen t√§glich um 12 Uhr ein interessantes <a href=""https://openbiblio.social/tags/FDM"" class=""mention hashtag"" rel=""nofollow noopener noreferrer"" target=""_blank"">#<span>FDM</span></a>-Thema vor. üîó <a href=""https://www.uni-augsburg.de/de/organisation/bibliothek/publizieren-zitieren-archivieren/open-science-schulungsangebote/"" rel=""nofollow noopener noreferrer"" target=""_blank""><span class=""invisible"">https://www.</span><span class=""ellipsis"">uni-augsburg.de/de/organisatio</span><span class=""invisible"">n/bibliothek/publizieren-zitieren-archivieren/open-science-schulungsangebote/</span></a> <a href=""https://openbiblio.social/tags/LoveData23"" class=""mention hashtag"" rel=""nofollow noopener noreferrer"" target=""_blank"">#<span>LoveData23</span></a> <a href=""https://openbiblio.social/tags/FDMPower"" class=""mention hashtag"" rel=""nofollow noopener noreferrer"" target=""_blank"">#<span>FDMPower</span></a> <a href=""https://openbiblio.social/tags/FDM_LDW"" class=""mention hashtag"" rel=""nofollow noopener noreferrer"" target=""_blank"">#<span>FDM_LDW</span></a></p>",,"{'id': '109421508968490986', 'username': 'fdm_bayern', 'acct': 'fdm_bayern@openbiblio.social', 'display_name': 'FDM Bayern', 'locked': False, 'bot': False, 'discoverable': True, 'group': False, 'created_at': '2022-11-25T00:00:00.000Z', 'note': '<p>Verbundprojekt eHumanities (UB Erlangen-N√ºrnberg, UB LMU M√ºnchen und ITG der LMU) </p><p><a href=""https://openbiblio.social/tags/OpenScience"" class=""mention hashtag"" rel=""nofollow noopener noreferrer"" target=""_blank"">#<span>OpenScience</span></a> <a href=""https://openbiblio.social/tags/FAIR"" class=""mention hashtag"" rel=""nofollow noopener noreferrer"" target=""_blank"">#<span>FAIR</span></a> <a href=""https://openbiblio.social/tags/ResearchData"" class=""mention hashtag"" rel=""nofollow noopener noreferrer"" target=""_blank"">#<span>ResearchData</span></a> <a href=""https://openbiblio.social/tags/FDM"" class=""mention hashtag"" rel=""nofollow noopener noreferrer"" target=""_blank"">#<span>FDM</span></a> <a href=""https://openbiblio.social/tags/Forschungsdatenmanagement"" class=""mention hashtag"" rel=""nofollow noopener noreferrer"" target=""_blank"">#<span>Forschungsdatenmanagement</span></a> <a href=""https://openbiblio.social/tags/DigitalHumanities"" class=""mention hashtag"" rel=""nofollow noopener noreferrer"" target=""_blank"">#<span>DigitalHumanities</span></a></p>', 'url': 'https://openbiblio.social/@fdm_bayern', 'avatar': 'https://files.mastodon.social/cache/accounts/avatars/109/421/508/968/490/986/original/b935dce2bbc9635c.png', 'avatar_static': 'https://files.mastodon.social/cache/accounts/avatars/109/421/508/968/490/986/original/b935dce2bbc9635c.png', 'header': 'https://files.mastodon.social/cache/accounts/headers/109/421/508/968/490/986/original/d538e03aea4ac80a.jpeg', 'header_static': 'https://files.mastodon.social/cache/accounts/headers/109/421/508/968/490/986/original/d538e03aea4ac80a.jpeg', 'followers_count': 151, 'following_count': 105, 'statuses_count': 27, 'last_status_at': '2023-04-20', 'emojis': [], 'fields': [{'name': 'Website', 'value': '<a href=""https://www.fdm-bayern.org/"" rel=""nofollow noopener noreferrer"" target=""_blank""><span class=""invisible"">https://www.</span><span class="""">fdm-bayern.org/</span><span class=""invisible""></span></a>', 'verified_at': None}]}",[],[],"[{'name': 'valentinstag', 'url': 'https://mastodon.social/tags/valentinstag'}, {'name': 'lovedataweek', 'url': 'https://mastodon.social/tags/lovedataweek'}, {'name': 'fdm', 'url': 'https://mastodon.social/tags/fdm'}, {'name': 'lovedata23', 'url': 'https://mastodon.social/tags/lovedata23'}, {'name': 'fdmpower', 'url': 'https://mastodon.social/tags/fdmpower'}, {'name': 'fdm_ldw', 'url': 'https://mastodon.social/tags/fdm_ldw'}]",[],"{'url': 'https://www.uni-augsburg.de/de/organisation/bibliothek/publizieren-zitieren-archivieren/open-science-schulungsangebote/', 'title': 'Schulungsangebote im Bereich Open Science', 'description': '', 'type': 'link', 'author_name': '', 'author_url': '', 'provider_name': '', 'provider_url': '', 'html': '', 'width': 0, 'height': 0, 'image': None, 'embed_url': '', 'blurhash': None}",,
109772703540029852,2023-01-29T13:22:08.139Z,,,False,,public,en,https://mastodon.social/users/xyzdims/statuses/109772703540029852,https://mastodon.social/@xyzdims/109772703540029852,0,1,1,,"<p>S3_Slicer <a href=""https://guoxinfang.github.io/S3_Slicer"" target=""_blank"" rel=""nofollow noopener noreferrer""><span class=""invisible"">https://</span><span class="""">guoxinfang.github.io/S3_Slicer</span><span class=""invisible""></span></a> A General Slicing Framework for Multi-Axis 3D Printing by Zhang, Fang, Huang from University of Manchester - (manual) multi-step process, Windows only for now, code at <a href=""https://github.com/zhangty019/S3_DeformFDM"" target=""_blank"" rel=""nofollow noopener noreferrer""><span class=""invisible"">https://</span><span class=""ellipsis"">github.com/zhangty019/S3_Defor</span><span class=""invisible"">mFDM</span></a> <a href=""https://mastodon.social/tags/multiaxis"" class=""mention hashtag"" rel=""tag"">#<span>multiaxis</span></a> <a href=""https://mastodon.social/tags/FDM"" class=""mention hashtag"" rel=""tag"">#<span>FDM</span></a> <a href=""https://mastodon.social/tags/3dprinting"" class=""mention hashtag"" rel=""tag"">#<span>3dprinting</span></a></p>",,"{'id': '109501290681939094', 'username': 'xyzdims', 'acct': 'xyzdims', 'display_name': 'Rene K. Mueller XYZdims.com', 'locked': False, 'bot': False, 'discoverable': False, 'group': False, 'created_at': '2022-12-12T00:00:00.000Z', 'note': '<p>Exploring multiple dimensions of 3D Modeling, 3D Printing and G-code creating &amp; pre-/post-processing</p>', 'url': 'https://mastodon.social/@xyzdims', 'avatar': 'https://files.mastodon.social/accounts/avatars/109/501/290/681/939/094/original/ecbad01434e73599.png', 'avatar_static': 'https://files.mastodon.social/accounts/avatars/109/501/290/681/939/094/original/ecbad01434e73599.png', 'header': 'https://mastodon.social/headers/original/missing.png', 'header_static': 'https://mastodon.social/headers/original/missing.png', 'followers_count': 15, 'following_count': 25, 'statuses_count': 36, 'last_status_at': '2023-04-07', 'noindex': False, 'emojis': [], 'roles': [], 'fields': [{'name': 'Web-Site', 'value': '<a href=""https://xyzdims.com"" target=""_blank"" rel=""nofollow noopener noreferrer me""><span class=""invisible"">https://</span><span class="""">xyzdims.com</span><span class=""invisible""></span></a>', 'verified_at': '2022-12-16T11:58:27.572+00:00'}, {'name': 'Printables', 'value': '<a href=""https://www.printables.com/social/237565-spiritdude"" target=""_blank"" rel=""nofollow noopener noreferrer me""><span class=""invisible"">https://www.</span><span class=""ellipsis"">printables.com/social/237565-s</span><span class=""invisible"">piritdude</span></a>', 'verified_at': None}, {'name': 'Thingiverse', 'value': '<a href=""https://www.thingiverse.com/spiritdude/designs"" target=""_blank"" rel=""nofollow noopener noreferrer me""><span class=""invisible"">https://www.</span><span class=""ellipsis"">thingiverse.com/spiritdude/des</span><span class=""invisible"">igns</span></a>', 'verified_at': None}, {'name': 'Github', 'value': '<a href=""https://github.com/Spiritdude"" target=""_blank"" rel=""nofollow noopener noreferrer me""><span class=""invisible"">https://</span><span class="""">github.com/Spiritdude</span><span class=""invisible""></span></a>', 'verified_at': None}]}","[{'id': '109772702786286400', 'type': 'image', 'url': 'https://files.mastodon.social/media_attachments/files/109/772/702/786/286/400/original/971f8bc06a91f33d.jpeg', 'preview_url': 'https://files.mastodon.social/media_attachments/files/109/772/702/786/286/400/small/971f8bc06a91f33d.jpeg', 'remote_url': None, 'preview_remote_url': None, 'text_url': None, 'meta': {'original': {'width': 1966, 'height': 1055, 'size': '1966x1055', 'aspect': 1.8635071090047393}, 'small': {'width': 655, 'height': 351, 'size': '655x351', 'aspect': 1.8660968660968662}}, 'description': None, 'blurhash': 'U8Q9}^IAOq.jwK#us?sj?bI^MyMw}=EIoZi_'}]",[],"[{'name': 'multiaxis', 'url': 'https://mastodon.social/tags/multiaxis'}, {'name': 'fdm', 'url': 'https://mastodon.social/tags/fdm'}, {'name': '3dprinting', 'url': 'https://mastodon.social/tags/3dprinting'}]",[],"{'url': 'https://guoxinfang.github.io/S3_Slicer', 'title': 'S3_Slicer', 'description': '', 'type': 'link', 'author_name': '', 'author_url': '', 'provider_name': '', 'provider_url': '', 'html': '', 'width': 0, 'height': 0, 'image': None, 'embed_url': '', 'blurhash': None}",,"{'name': 'Web', 'website': None}"
109619111581028009,2023-01-02T10:21:11.000Z,,,False,,public,de,https://openbiblio.social/users/FDM/statuses/109619109643289435,https://openbiblio.social/@FDM/109619109643289435,1,4,0,,"<p>Wir sind bereit! <a href=""https://openbiblio.social/tags/FDM"" class=""mention hashtag"" rel=""nofollow noopener noreferrer"" target=""_blank"">#<span>FDM</span></a> <a href=""https://openbiblio.social/tags/Forschungsdatenmanagement"" class=""mention hashtag"" rel=""nofollow noopener noreferrer"" target=""_blank"">#<span>Forschungsdatenmanagement</span></a> und <a href=""https://openbiblio.social/tags/FDMPower"" class=""mention hashtag"" rel=""nofollow noopener noreferrer"" target=""_blank"">#<span>FDMPower</span></a>: <a href=""https://forschungsdaten.info/fdm-im-deutschsprachigen-raum/love-data-week/"" rel=""nofollow noopener noreferrer"" target=""_blank""><span class=""invisible"">https://</span><span class=""ellipsis"">forschungsdaten.info/fdm-im-de</span><span class=""invisible"">utschsprachigen-raum/love-data-week/</span></a></p>",,"{'id': '109292236172055483', 'username': 'FDM', 'acct': 'FDM@openbiblio.social', 'display_name': 'Annette Strauch-Davey, M.A.', 'locked': False, 'bot': False, 'discoverable': True, 'group': False, 'created_at': '2022-11-05T00:00:00.000Z', 'note': '<p>Forschungsdatenmanagement <br>&amp; Data Stewardship: <a href=""https://www.ovgu.de/unimagdeburg_media/Organisation/NEWSLETTER/Archiv/NL_11_2022_CONTENT/Forschungsdatenmanagement.pdf"" rel=""nofollow noopener noreferrer"" target=""_blank""><span class=""invisible"">https://www.</span><span class=""ellipsis"">ovgu.de/unimagdeburg_media/Org</span><span class=""invisible"">anisation/NEWSLETTER/Archiv/NL_11_2022_CONTENT/Forschungsdatenmanagement.pdf</span></a></p>', 'url': 'https://openbiblio.social/@FDM', 'avatar': 'https://files.mastodon.social/cache/accounts/avatars/109/292/236/172/055/483/original/99ebad1966a1a35a.jpg', 'avatar_static': 'https://files.mastodon.social/cache/accounts/avatars/109/292/236/172/055/483/original/99ebad1966a1a35a.jpg', 'header': 'https://files.mastodon.social/cache/accounts/headers/109/292/236/172/055/483/original/1fd7c5a455d43638.jpeg', 'header_static': 'https://files.mastodon.social/cache/accounts/headers/109/292/236/172/055/483/original/1fd7c5a455d43638.jpeg', 'followers_count': 1317, 'following_count': 3029, 'statuses_count': 1021, 'last_status_at': '2023-04-22', 'emojis': [], 'fields': []}","[{'id': '109619109923678372', 'type': 'image', 'url': 'https://files.mastodon.social/cache/media_attachments/files/109/619/109/923/678/372/original/86a8de157ef10086.jpeg', 'preview_url': 'https://files.mastodon.social/cache/media_attachments/files/109/619/109/923/678/372/small/86a8de157ef10086.jpeg', 'remote_url': 'https://openbiblio.social/system/media_attachments/files/109/619/109/455/196/504/original/1cfa70fbf2530615.jpeg', 'preview_remote_url': None, 'text_url': None, 'meta': {'original': {'width': 1197, 'height': 616, 'size': '1197x616', 'aspect': 1.9431818181818181}, 'small': {'width': 668, 'height': 344, 'size': '668x344', 'aspect': 1.941860465116279}}, 'description': None, 'blurhash': 'U8R{*}O@}[-;yY9FtRwc%2tSIoX9Q.%g4.I.'}, {'id': '109619110609268045', 'type': 'image', 'url': 'https://files.mastodon.social/cache/media_attachments/files/109/619/110/609/268/045/original/27cf1575e1ce8d60.jpeg', 'preview_url': 'https://files.mastodon.social/cache/media_attachments/files/109/619/110/609/268/045/small/27cf1575e1ce8d60.jpeg', 'remote_url': 'https://openbiblio.social/system/media_attachments/files/109/619/109/455/795/246/original/97f6ac08c7e37714.jpeg', 'preview_remote_url': None, 'text_url': None, 'meta': {'original': {'width': 836, 'height': 531, 'size': '836x531', 'aspect': 1.5743879472693032}, 'small': {'width': 602, 'height': 382, 'size': '602x382', 'aspect': 1.5759162303664922}}, 'description': None, 'blurhash': 'UAQ,aeE0%Mt71b%MRjRj6%RjRjae6%WBWBay'}]",[],"[{'name': 'fdm', 'url': 'https://mastodon.social/tags/fdm'}, {'name': 'forschungsdatenmanagement', 'url': 'https://mastodon.social/tags/forschungsdatenmanagement'}, {'name': 'fdmpower', 'url': 'https://mastodon.social/tags/fdmpower'}]",[],"{'url': 'https://forschungsdaten.info/fdm-im-deutschsprachigen-raum/love-data-week/', 'title': 'Love Data Week | FDM im deutschsprachigen Raum | Forschungsdaten und Forschungsdatenmanagement', 'description': '', 'type': 'link', 'author_name': '', 'author_url': '', 'provider_name': '', 'provider_url': '', 'html': '', 'width': 0, 'height': 0, 'image': None, 'embed_url': '', 'blurhash': None}",,
109398657945789130,2022-11-24T11:57:21.000Z,109397876138680064,109296469793465175,False,,public,de,https://openbiblio.social/users/fraufriedrich/statuses/109398657665714175,https://openbiblio.social/@fraufriedrich/109398657665714175,1,1,0,,"<p>Ich frage mich ja schon, warum man Leute wie Drosten nicht als Multiplikator f√ºr <a href=""https://openbiblio.social/tags/FDM"" class=""mention hashtag"" rel=""nofollow noopener noreferrer"" target=""_blank"">#<span>FDM</span></a> gewinnen kann. Er hat das Problembewusstsein UND die Reichweite.</p>",,"{'id': '109296469793465175', 'username': 'fraufriedrich', 'acct': 'fraufriedrich@openbiblio.social', 'display_name': 'fraufriedrich', 'locked': False, 'bot': False, 'discoverable': True, 'group': False, 'created_at': '2022-11-05T00:00:00.000Z', 'note': '<p>Information freak | information scientist | future pianist<br><a href=""https://openbiblio.social/tags/OpenScience"" class=""mention hashtag"" rel=""nofollow noopener noreferrer"" target=""_blank"">#<span>OpenScience</span></a> <a href=""https://openbiblio.social/tags/LIS"" class=""mention hashtag"" rel=""nofollow noopener noreferrer"" target=""_blank"">#<span>LIS</span></a></p>', 'url': 'https://openbiblio.social/@fraufriedrich', 'avatar': 'https://files.mastodon.social/cache/accounts/avatars/109/296/469/793/465/175/original/e027594a76e1a702.jpg', 'avatar_static': 'https://files.mastodon.social/cache/accounts/avatars/109/296/469/793/465/175/original/e027594a76e1a702.jpg', 'header': 'https://files.mastodon.social/cache/accounts/headers/109/296/469/793/465/175/original/d79ecba9c4c9795a.jpg', 'header_static': 'https://files.mastodon.social/cache/accounts/headers/109/296/469/793/465/175/original/d79ecba9c4c9795a.jpg', 'followers_count': 68, 'following_count': 69, 'statuses_count': 113, 'last_status_at': '2023-04-03', 'emojis': [], 'fields': [{'name': 'Me @ Post.', 'value': '<a href=""https://post.news/fraufriedrich"" rel=""nofollow noopener noreferrer"" target=""_blank""><span class=""invisible"">https://</span><span class="""">post.news/fraufriedrich</span><span class=""invisible""></span></a>', 'verified_at': None}, {'name': 'Bookwyrm', 'value': '<a href=""https://bookwyrm.social/user/fraufriedrich"" rel=""nofollow noopener noreferrer"" target=""_blank""><span class=""invisible"">https://</span><span class=""ellipsis"">bookwyrm.social/user/fraufried</span><span class=""invisible"">rich</span></a>', 'verified_at': None}]}",[],[],"[{'name': 'fdm', 'url': 'https://mastodon.social/tags/fdm'}]",[],,,
108839397601424737,2022-08-17T17:30:04.000Z,,,False,,public,de,https://openbiblio.social/users/obj/statuses/108839397290403159,https://openbiblio.social/@obj/108839397290403159,0,0,0,,"<p>Bewerbungsfrist verl√§ngert: 2 Stellen als Projektmitarbeiter*in Data Steward und FDM Information (m/w/d), E 13 TV-L, Vollzeit/Teilzeit, befristet bis 30.09.2025, Kennziffer: 109a/22 und 109b/22 Brandenburgische Technische Universit√§t Cottbus-Senftenberg (BTU) | Bewerbungsfrist: 01.09.2022 <a href=""https://www.b-tu.de/universitaet/karriere/stellenausschreibungen/detail/109a-22-109b-22"" rel=""nofollow noopener noreferrer"" target=""_blank""><span class=""invisible"">https://www.</span><span class=""ellipsis"">b-tu.de/universitaet/karriere/</span><span class=""invisible"">stellenausschreibungen/detail/109a-22-109b-22</span></a> | <a href=""https://jobs.openbiblio.eu/stellenangebote/79607"" rel=""nofollow noopener noreferrer"" target=""_blank""><span class=""invisible"">https://</span><span class=""ellipsis"">jobs.openbiblio.eu/stellenange</span><span class=""invisible"">bote/79607</span></a> <a href=""https://openbiblio.social/tags/openbibliojobs"" class=""mention hashtag"" rel=""nofollow noopener noreferrer"" target=""_blank"">#<span>openbibliojobs</span></a> <a href=""https://openbiblio.social/tags/Forschungsdatenmanagement"" class=""mention hashtag"" rel=""nofollow noopener noreferrer"" target=""_blank"">#<span>Forschungsdatenmanagement</span></a> <a href=""https://openbiblio.social/tags/Forschungsdaten"" class=""mention hashtag"" rel=""nofollow noopener noreferrer"" target=""_blank"">#<span>Forschungsdaten</span></a> <a href=""https://openbiblio.social/tags/FDM"" class=""mention hashtag"" rel=""nofollow noopener noreferrer"" target=""_blank"">#<span>FDM</span></a></p>",,"{'id': '772177', 'username': 'obj', 'acct': 'obj@openbiblio.social', 'display_name': 'OpenBiblioJobs', 'locked': False, 'bot': True, 'discoverable': True, 'group': False, 'created_at': '2019-03-19T00:00:00.000Z', 'note': '<p>Stellenangebote von Bibliotheken, Archiven und Informationseinrichtungen. Automatisch getr√∂tet. Kontakt: <span class=""h-card""><a href=""https://openbiblio.social/@phu"" class=""u-url mention"" rel=""nofollow noopener noreferrer"" target=""_blank"">@<span>phu</span></a></span> oder <span class=""h-card""><a href=""https://openbiblio.social/@bibliothekarin"" class=""u-url mention"" rel=""nofollow noopener noreferrer"" target=""_blank"">@<span>bibliothekarin</span></a></span></p>', 'url': 'https://openbiblio.social/@obj', 'avatar': 'https://files.mastodon.social/cache/accounts/avatars/000/772/177/original/8a230d18de5b7b64.jpg', 'avatar_static': 'https://files.mastodon.social/cache/accounts/avatars/000/772/177/original/8a230d18de5b7b64.jpg', 'header': 'https://mastodon.social/headers/original/missing.png', 'header_static': 'https://mastodon.social/headers/original/missing.png', 'followers_count': 528, 'following_count': 140, 'statuses_count': 12767, 'last_status_at': '2023-04-22', 'emojis': [], 'fields': [{'name': 'Web', 'value': '<a href=""https://jobs.openbiblio.eu/"" rel=""nofollow noopener noreferrer"" target=""_blank""><span class=""invisible"">https://</span><span class="""">jobs.openbiblio.eu/</span><span class=""invisible""></span></a>', 'verified_at': None}, {'name': 'Web form for entering job offers', 'value': '<a href=""https://jobs.openbiblio.eu/eingabe-formular"" rel=""nofollow noopener noreferrer"" target=""_blank""><span class=""invisible"">https://</span><span class=""ellipsis"">jobs.openbiblio.eu/eingabe-for</span><span class=""invisible"">mular</span></a>', 'verified_at': None}, {'name': 'RSS', 'value': '<a href=""https://jobs.openbiblio.eu/stellenangebote/feed/"" rel=""nofollow noopener noreferrer"" target=""_blank""><span class=""invisible"">https://</span><span class=""ellipsis"">jobs.openbiblio.eu/stellenange</span><span class=""invisible"">bote/feed/</span></a>', 'verified_at': None}]}",[],[],"[{'name': 'fdm', 'url': 'https://mastodon.social/tags/fdm'}, {'name': 'forschungsdaten', 'url': 'https://mastodon.social/tags/forschungsdaten'}, {'name': 'forschungsdatenmanagement', 'url': 'https://mastodon.social/tags/forschungsdatenmanagement'}, {'name': 'openbibliojobs', 'url': 'https://mastodon.social/tags/openbibliojobs'}]",[],"{'url': 'https://www.b-tu.de/universitaet/karriere/stellenausschreibungen/detail/109a-22-109b-22', 'title': 'Projektmitarbeiter*in Data Steward und FDM Information (m/w/d) im Bereich Universit√§tsbibliothek', 'description': '', 'type': 'link', 'author_name': '', 'author_url': '', 'provider_name': '', 'provider_url': '', 'html': '', 'width': 400, 'height': 225, 'image': 'https://files.mastodon.social/cache/preview_cards/images/044/711/639/original/fcde65a121124d09.jpg', 'embed_url': '', 'blurhash': 'UQIhsra#9axY%hNGxuxt9FxtRPo}4mIUM{t8'}",,
107684050436680971,2022-01-25T16:30:08.000Z,,,False,,public,de,https://openbiblio.social/users/obj/statuses/107684050241160952,https://openbiblio.social/@obj/107684050241160952,0,0,0,,"<p>Data Steward/Forschungsdatenmanager/in (m/w/d), E13 TV-L, 2 Jahre befristet, Option auf Verl√§ngerung, Vollzeit, Kennziffer 70300-02/22 RWI ‚Äì Leibniz-Institut f√ºr Wirtschaftsforschung, Essen | Bewerbungsfrist: 20.02.2022 <a href=""https://www.rwi-essen.de/media/content/pages/about/02_70300-02-22_data_steward_manager_fdz.pdf"" rel=""nofollow noopener noreferrer"" target=""_blank""><span class=""invisible"">https://www.</span><span class=""ellipsis"">rwi-essen.de/media/content/pag</span><span class=""invisible"">es/about/02_70300-02-22_data_steward_manager_fdz.pdf</span></a> | <a href=""https://jobs.openbiblio.eu/stellenangebote/70744"" rel=""nofollow noopener noreferrer"" target=""_blank""><span class=""invisible"">https://</span><span class=""ellipsis"">jobs.openbiblio.eu/stellenange</span><span class=""invisible"">bote/70744</span></a> <a href=""https://openbiblio.social/tags/openbibliojobs"" class=""mention hashtag"" rel=""nofollow noopener noreferrer"" target=""_blank"">#<span>openbibliojobs</span></a> <a href=""https://openbiblio.social/tags/Wirtschaftswissenschaften"" class=""mention hashtag"" rel=""nofollow noopener noreferrer"" target=""_blank"">#<span>Wirtschaftswissenschaften</span></a> <a href=""https://openbiblio.social/tags/Forschungsinstitut"" class=""mention hashtag"" rel=""nofollow noopener noreferrer"" target=""_blank"">#<span>Forschungsinstitut</span></a> <a href=""https://openbiblio.social/tags/FDM"" class=""mention hashtag"" rel=""nofollow noopener noreferrer"" target=""_blank"">#<span>FDM</span></a></p>",,"{'id': '772177', 'username': 'obj', 'acct': 'obj@openbiblio.social', 'display_name': 'OpenBiblioJobs', 'locked': False, 'bot': True, 'discoverable': True, 'group': False, 'created_at': '2019-03-19T00:00:00.000Z', 'note': '<p>Stellenangebote von Bibliotheken, Archiven und Informationseinrichtungen. Automatisch getr√∂tet. Kontakt: <span class=""h-card""><a href=""https://openbiblio.social/@phu"" class=""u-url mention"" rel=""nofollow noopener noreferrer"" target=""_blank"">@<span>phu</span></a></span> oder <span class=""h-card""><a href=""https://openbiblio.social/@bibliothekarin"" class=""u-url mention"" rel=""nofollow noopener noreferrer"" target=""_blank"">@<span>bibliothekarin</span></a></span></p>', 'url': 'https://openbiblio.social/@obj', 'avatar': 'https://files.mastodon.social/cache/accounts/avatars/000/772/177/original/8a230d18de5b7b64.jpg', 'avatar_static': 'https://files.mastodon.social/cache/accounts/avatars/000/772/177/original/8a230d18de5b7b64.jpg', 'header': 'https://mastodon.social/headers/original/missing.png', 'header_static': 'https://mastodon.social/headers/original/missing.png', 'followers_count': 528, 'following_count': 140, 'statuses_count': 12767, 'last_status_at': '2023-04-22', 'emojis': [], 'fields': [{'name': 'Web', 'value': '<a href=""https://jobs.openbiblio.eu/"" rel=""nofollow noopener noreferrer"" target=""_blank""><span class=""invisible"">https://</span><span class="""">jobs.openbiblio.eu/</span><span class=""invisible""></span></a>', 'verified_at': None}, {'name': 'Web form for entering job offers', 'value': '<a href=""https://jobs.openbiblio.eu/eingabe-formular"" rel=""nofollow noopener noreferrer"" target=""_blank""><span class=""invisible"">https://</span><span class=""ellipsis"">jobs.openbiblio.eu/eingabe-for</span><span class=""invisible"">mular</span></a>', 'verified_at': None}, {'name': 'RSS', 'value': '<a href=""https://jobs.openbiblio.eu/stellenangebote/feed/"" rel=""nofollow noopener noreferrer"" target=""_blank""><span class=""invisible"">https://</span><span class=""ellipsis"">jobs.openbiblio.eu/stellenange</span><span class=""invisible"">bote/feed/</span></a>', 'verified_at': None}]}",[],[],"[{'name': 'openbibliojobs', 'url': 'https://mastodon.social/tags/openbibliojobs'}, {'name': 'wirtschaftswissenschaften', 'url': 'https://mastodon.social/tags/wirtschaftswissenschaften'}, {'name': 'forschungsinstitut', 'url': 'https://mastodon.social/tags/forschungsinstitut'}, {'name': 'fdm', 'url': 'https://mastodon.social/tags/fdm'}]",[],,,
106498032405430795,2021-06-30T05:30:08.000Z,,,False,,public,de,https://openbiblio.social/users/obj/statuses/106498032146980310,https://openbiblio.social/@obj/106498032146980310,0,0,0,,"<p>Forschungsdatenmanagement, EG 13 TV√∂D, befristet in Vollzeit, Kennziffer: 2021-Bib-02, Entfristung wird angestrebt Deutsches Institut f√ºr Entwicklungspolitik, Bonn | Bewerbungsfrist: 21.07.2021 <a href=""https://www.die-gdi.de/job-forschungsdatenmanagement/"" rel=""nofollow noopener noreferrer"" target=""_blank""><span class=""invisible"">https://www.</span><span class=""ellipsis"">die-gdi.de/job-forschungsdaten</span><span class=""invisible"">management/</span></a> | <a href=""https://jobs.openbiblio.eu/stellenangebote/63106"" rel=""nofollow noopener noreferrer"" target=""_blank""><span class=""invisible"">https://</span><span class=""ellipsis"">jobs.openbiblio.eu/stellenange</span><span class=""invisible"">bote/63106</span></a> <a href=""https://openbiblio.social/tags/openbibliojobs"" class=""mention hashtag"" rel=""nofollow noopener noreferrer"" target=""_blank"">#<span>openbibliojobs</span></a> <a href=""https://openbiblio.social/tags/Forschungsdaten"" class=""mention hashtag"" rel=""nofollow noopener noreferrer"" target=""_blank"">#<span>Forschungsdaten</span></a> <a href=""https://openbiblio.social/tags/FDM"" class=""mention hashtag"" rel=""nofollow noopener noreferrer"" target=""_blank"">#<span>FDM</span></a></p>",,"{'id': '772177', 'username': 'obj', 'acct': 'obj@openbiblio.social', 'display_name': 'OpenBiblioJobs', 'locked': False, 'bot': True, 'discoverable': True, 'group': False, 'created_at': '2019-03-19T00:00:00.000Z', 'note': '<p>Stellenangebote von Bibliotheken, Archiven und Informationseinrichtungen. Automatisch getr√∂tet. Kontakt: <span class=""h-card""><a href=""https://openbiblio.social/@phu"" class=""u-url mention"" rel=""nofollow noopener noreferrer"" target=""_blank"">@<span>phu</span></a></span> oder <span class=""h-card""><a href=""https://openbiblio.social/@bibliothekarin"" class=""u-url mention"" rel=""nofollow noopener noreferrer"" target=""_blank"">@<span>bibliothekarin</span></a></span></p>', 'url': 'https://openbiblio.social/@obj', 'avatar': 'https://files.mastodon.social/cache/accounts/avatars/000/772/177/original/8a230d18de5b7b64.jpg', 'avatar_static': 'https://files.mastodon.social/cache/accounts/avatars/000/772/177/original/8a230d18de5b7b64.jpg', 'header': 'https://mastodon.social/headers/original/missing.png', 'header_static': 'https://mastodon.social/headers/original/missing.png', 'followers_count': 528, 'following_count': 140, 'statuses_count': 12767, 'last_status_at': '2023-04-22', 'emojis': [], 'fields': [{'name': 'Web', 'value': '<a href=""https://jobs.openbiblio.eu/"" rel=""nofollow noopener noreferrer"" target=""_blank""><span class=""invisible"">https://</span><span class="""">jobs.openbiblio.eu/</span><span class=""invisible""></span></a>', 'verified_at': None}, {'name': 'Web form for entering job offers', 'value': '<a href=""https://jobs.openbiblio.eu/eingabe-formular"" rel=""nofollow noopener noreferrer"" target=""_blank""><span class=""invisible"">https://</span><span class=""ellipsis"">jobs.openbiblio.eu/eingabe-for</span><span class=""invisible"">mular</span></a>', 'verified_at': None}, {'name': 'RSS', 'value': '<a href=""https://jobs.openbiblio.eu/stellenangebote/feed/"" rel=""nofollow noopener noreferrer"" target=""_blank""><span class=""invisible"">https://</span><span class=""ellipsis"">jobs.openbiblio.eu/stellenange</span><span class=""invisible"">bote/feed/</span></a>', 'verified_at': None}]}",[],[],"[{'name': 'fdm', 'url': 'https://mastodon.social/tags/fdm'}, {'name': 'forschungsdaten', 'url': 'https://mastodon.social/tags/forschungsdaten'}, {'name': 'openbibliojobs', 'url': 'https://mastodon.social/tags/openbibliojobs'}]",[],"{'url': 'https://www.die-gdi.de/job-forschungsdatenmanagement/', 'title': 'Job: Forschungsdatenmanager*in (m/w/divers)', 'description': 'Stellenausschreibung: Im Bereich Bibliothek und Publikationen suchen wir zum n√§chstm√∂glichen Zeitpunkt und befristet bis zum 31.12.2022 (eine Entfristung wird angestrebt) eine*n Forschungsdatenmanager*in (m/w/divers).', 'type': 'link', 'author_name': '', 'author_url': '', 'provider_name': '', 'provider_url': '', 'html': '', 'width': 400, 'height': 209, 'image': None, 'embed_url': '', 'blurhash': 'UkMOXAV@0Jozt7R5aKyDIUkCbvaetRkCV@kC'}",,
105193813282090953,2020-11-11T21:30:04.000Z,,,False,,public,de,https://openbiblio.social/users/obj/statuses/105193813089930348,https://openbiblio.social/@obj/105193813089930348,0,0,0,,"<p>wissenschaftliche*r Mitarbeiter*in f√ºr die Abteilung Informationszentrum Bildung, Teilzeit 75%, befristet zun√§chst bis zum 31.12.2022, EG 13 TV-H DIPF | Leibniz-Institut f√ºr Bildungsforschung und Bildungsinformation | Bewerbungsfrist: 15.11.2020 <a href=""https://www.dipf.de/de/dipf-aktuell/stellenangebote/eine-n-wissenschaftliche-n-mitarbeiter-in-fuer-die-abteilung-informationszentrum-bildung"" rel=""nofollow noopener noreferrer"" target=""_blank""><span class=""invisible"">https://www.</span><span class=""ellipsis"">dipf.de/de/dipf-aktuell/stelle</span><span class=""invisible"">nangebote/eine-n-wissenschaftliche-n-mitarbeiter-in-fuer-die-abteilung-informationszentrum-bildung</span></a> | <a href=""https://jobs.openbiblio.eu/stellenangebote/55765"" rel=""nofollow noopener noreferrer"" target=""_blank""><span class=""invisible"">https://</span><span class=""ellipsis"">jobs.openbiblio.eu/stellenange</span><span class=""invisible"">bote/55765</span></a> <a href=""https://openbiblio.social/tags/openbibliojobs"" class=""mention hashtag"" rel=""nofollow noopener noreferrer"" target=""_blank"">#<span>openbibliojobs</span></a> <a href=""https://openbiblio.social/tags/KonsortSWD"" class=""mention hashtag"" rel=""nofollow noopener noreferrer"" target=""_blank"">#<span>KonsortSWD</span></a> <a href=""https://openbiblio.social/tags/NFDI_Jobs"" class=""mention hashtag"" rel=""nofollow noopener noreferrer"" target=""_blank"">#<span>NFDI_Jobs</span></a> <a href=""https://openbiblio.social/tags/FDM"" class=""mention hashtag"" rel=""nofollow noopener noreferrer"" target=""_blank"">#<span>FDM</span></a></p>",,"{'id': '772177', 'username': 'obj', 'acct': 'obj@openbiblio.social', 'display_name': 'OpenBiblioJobs', 'locked': False, 'bot': True, 'discoverable': True, 'group': False, 'created_at': '2019-03-19T00:00:00.000Z', 'note': '<p>Stellenangebote von Bibliotheken, Archiven und Informationseinrichtungen. Automatisch getr√∂tet. Kontakt: <span class=""h-card""><a href=""https://openbiblio.social/@phu"" class=""u-url mention"" rel=""nofollow noopener noreferrer"" target=""_blank"">@<span>phu</span></a></span> oder <span class=""h-card""><a href=""https://openbiblio.social/@bibliothekarin"" class=""u-url mention"" rel=""nofollow noopener noreferrer"" target=""_blank"">@<span>bibliothekarin</span></a></span></p>', 'url': 'https://openbiblio.social/@obj', 'avatar': 'https://files.mastodon.social/cache/accounts/avatars/000/772/177/original/8a230d18de5b7b64.jpg', 'avatar_static': 'https://files.mastodon.social/cache/accounts/avatars/000/772/177/original/8a230d18de5b7b64.jpg', 'header': 'https://mastodon.social/headers/original/missing.png', 'header_static': 'https://mastodon.social/headers/original/missing.png', 'followers_count': 528, 'following_count': 140, 'statuses_count': 12767, 'last_status_at': '2023-04-22', 'emojis': [], 'fields': [{'name': 'Web', 'value': '<a href=""https://jobs.openbiblio.eu/"" rel=""nofollow noopener noreferrer"" target=""_blank""><span class=""invisible"">https://</span><span class="""">jobs.openbiblio.eu/</span><span class=""invisible""></span></a>', 'verified_at': None}, {'name': 'Web form for entering job offers', 'value': '<a href=""https://jobs.openbiblio.eu/eingabe-formular"" rel=""nofollow noopener noreferrer"" target=""_blank""><span class=""invisible"">https://</span><span class=""ellipsis"">jobs.openbiblio.eu/eingabe-for</span><span class=""invisible"">mular</span></a>', 'verified_at': None}, {'name': 'RSS', 'value': '<a href=""https://jobs.openbiblio.eu/stellenangebote/feed/"" rel=""nofollow noopener noreferrer"" target=""_blank""><span class=""invisible"">https://</span><span class=""ellipsis"">jobs.openbiblio.eu/stellenange</span><span class=""invisible"">bote/feed/</span></a>', 'verified_at': None}]}",[],[],"[{'name': 'fdm', 'url': 'https://mastodon.social/tags/fdm'}, {'name': 'NFDI_Jobs', 'url': 'https://mastodon.social/tags/NFDI_Jobs'}, {'name': 'KonsortSWD', 'url': 'https://mastodon.social/tags/KonsortSWD'}, {'name': 'openbibliojobs', 'url': 'https://mastodon.social/tags/openbibliojobs'}]",[],"{'url': 'https://www.dipf.de/de/dipf-aktuell/stellenangebote/eine-n-wissenschaftliche-n-mitarbeiter-in-fuer-die-abteilung-informationszentrum-bildung', 'title': 'Eine*n wissenschaftliche*n Mitarbeiter*in f√ºr die Abteilung Informationszentrum Bildung ‚Äî DIPF | Leibniz-Institut f√ºr Bildungsforschung und Bildungsinformation', 'description': 'zum n√§chstm√∂glichen Zeitpunkt, 75 % der regelm√§√üigen w√∂chentlichen Arbeitszeit, befristet zun√§chst bis zum 31.12.2022, Verg√ºtung nach EG 13 TV-H, Dienstort: Frankfurt am Main, Bewerbungsfrist: 29. November 2020', 'type': 'link', 'author_name': '', 'author_url': '', 'provider_name': '', 'provider_url': '', 'html': '', 'width': 0, 'height': 0, 'image': None, 'embed_url': '', 'blurhash': None}",,
102445191834381436,2019-07-15T11:19:30.000Z,,,False,,public,de,https://libranet.de/objects/0b6b25a8-675d-2c61-42bf-a0c476326127,https://libranet.de/display/0b6b25a8-675d-2c61-42bf-a0c476326127,0,0,0,,"Hier noch die URL zum Event am 20. Juli ab 13:00 ohne Shortener-Dreck: <br><a href=""https://www.un-hack-bar.de/2019/07/15/einfuehrung-in-3d-objekt-entwurf/"" rel=""nofollow noopener noreferrer"" target=""_blank"">www.un-hack-bar.de/2019/07/15/‚Ä¶</a><br><br><p>‚ô≤  @UN_Hack_Bar@chaos.social: Einf√ºhrung in 3D Objekt-Entwurf und Druck <a href=""http://bit.ly/2k04RoR"" rel=""nofollow noopener noreferrer"" target=""_blank"">bit.ly/2k04RoR</a> #<a href=""https://libranet.de/search?tag=3d"" class="""" rel=""nofollow noopener noreferrer"" target=""_blank"">3d</a>-druck #<a href=""https://libranet.de/search?tag=diy"" class="""" rel=""nofollow noopener noreferrer"" target=""_blank"">diy</a> #<a href=""https://libranet.de/search?tag=fdm"" class="""" rel=""nofollow noopener noreferrer"" target=""_blank"">fdm</a> #<a href=""https://libranet.de/search?tag=sla"" class="""" rel=""nofollow noopener noreferrer"" target=""_blank"">sla</a> #<a href=""https://libranet.de/search?tag=vortrag"" class="""" rel=""nofollow noopener noreferrer"" target=""_blank"">vortrag</a> #<a href=""https://libranet.de/search?tag=un_hack_bar"" class="""" rel=""nofollow noopener noreferrer"" target=""_blank"">un_hack_bar</a></p>
#<a href=""https://libranet.de/search?tag=Chaos"" class="""" rel=""nofollow noopener noreferrer"" target=""_blank"">Chaos</a> #<a href=""https://libranet.de/search?tag=Talk"" class="""" rel=""nofollow noopener noreferrer"" target=""_blank"">Talk</a> #<a href=""https://libranet.de/search?tag=CCC"" class="""" rel=""nofollow noopener noreferrer"" target=""_blank"">CCC</a> #<a href=""https://libranet.de/search?tag=Unna"" class="""" rel=""nofollow noopener noreferrer"" target=""_blank"">Unna</a>",,"{'id': '219699', 'username': 'gehrke_test', 'acct': 'gehrke_test@libranet.de', 'display_name': 'Paula Gentle on Friendica', 'locked': True, 'bot': False, 'discoverable': True, 'group': False, 'created_at': '2017-10-21T00:00:00.000Z', 'note': '', 'url': 'https://libranet.de/profile/gehrke_test', 'avatar': 'https://files.mastodon.social/cache/accounts/avatars/000/219/699/original/96301e78e97c8e95.jpeg', 'avatar_static': 'https://files.mastodon.social/cache/accounts/avatars/000/219/699/original/96301e78e97c8e95.jpeg', 'header': 'https://mastodon.social/headers/original/missing.png', 'header_static': 'https://mastodon.social/headers/original/missing.png', 'followers_count': 695, 'following_count': 797, 'statuses_count': 12445, 'last_status_at': '2023-04-22', 'emojis': [], 'fields': [{'name': 'About', 'value': '<p>Linksgr√ºn-versiffter Gutmensch - krankhaft paranoid. Vorsitzender der lokalen Greta-Thunberg-Ultras...</p><p>Oh, √ñko-Faschist hab ich vergessen. Und Zecke.</p><p>Ich habe eine gut gepflegte Blocklist f√ºr: Nazis, Coronazis, Schwurbler, Trolle und rechte Hetzer, Leute mit √ºbergriffigem Verhalten...<br>Wer das ist, entscheide ich - mein Account, meine Regeln.<br>Und hey - Ihr habt die gleichen Rechte...</p>', 'verified_at': None}]}",[],[],"[{'name': '3d', 'url': 'https://mastodon.social/tags/3d'}, {'name': 'ccc', 'url': 'https://mastodon.social/tags/ccc'}, {'name': 'chaos', 'url': 'https://mastodon.social/tags/chaos'}, {'name': 'diy', 'url': 'https://mastodon.social/tags/diy'}, {'name': 'fdm', 'url': 'https://mastodon.social/tags/fdm'}, {'name': 'sla', 'url': 'https://mastodon.social/tags/sla'}, {'name': 'talk', 'url': 'https://mastodon.social/tags/talk'}, {'name': 'unna', 'url': 'https://mastodon.social/tags/unna'}, {'name': 'un_hack_bar', 'url': 'https://mastodon.social/tags/un_hack_bar'}, {'name': 'vortrag', 'url': 'https://mastodon.social/tags/vortrag'}]",[],"{'url': 'https://www.un-hack-bar.de/2019/07/15/einfuehrung-in-3d-objekt-entwurf/', 'title': 'Einf√ºhrung in 3D Objekt-Entwurf und Druck ‚Äì UN-Hack-Bar', 'description': '', 'type': 'link', 'author_name': 'Stefan', 'author_url': 'https://www.un-hack-bar.de/author/stefan/', 'provider_name': 'UN-Hack-Bar', 'provider_url': 'https://www.un-hack-bar.de', 'html': '', 'width': 0, 'height': 0, 'image': None, 'embed_url': '', 'blurhash': None}",,
