,Data,ID,Content,Username,LikeCount,RetweetCount
0,2023-03-31 11:22:02+00:00,1641762772655517698,"Wear your love for tech and data ethics with pride. Get the Body-Data-Mind t-shirt from @DataFundProject and show your support for decentralized and ethical data exchange. https://t.co/p08r3jUaap

#personaldata #privacy #data #web3 #personaldata #dataprotection
#fairdata https://t.co/Ya66v1tsG0",_freedom_shop,0,0
1,2023-03-31 10:40:14+00:00,1641752255287132164,"@biblissima @Humatheque @CampusCondorcet Je peux pas, j'ai @DuDonnees sur ces dates üòî
Mais c'est compl√©mentaire, donc, les captations vid√©os seront attentivement scrut√©es...üòâ !
#researchdata #medieval #RDM #digitization #DH #FAIRdata",amarois,0,0
2,2023-03-31 06:09:00+00:00,1641683995716112384,"Early registration is open for #BigDat2023! FYI participants will get 2 ECTS credits from @ULPGC!

Summer 7th International School on Big Data
üìç Las Palmas de Gran Canaria, Spain (&amp; virtual)
üìÖ July 17-21, 2023

Learn more &amp; register: https://t.co/W6EeBA6l5O

#OpenData #FAIRdata https://t.co/j5uhqgy5Yw",INCForg,1,0
3,2023-03-31 05:00:00+00:00,1641666632279035905,"Focus session ""Making Experimental Data F.A.I.R. ‚Äì New Concepts for Research Data Management"" continues today!

‚è∞See you 09:30‚Äì12:45 in WIL A317!

#DPG2023 #DPGfr√ºhjahrstagung #FAIRdata #RDM https://t.co/climm3M3ZO",FAIRmat_NFDI,2,1
4,2023-03-31 00:54:42+00:00,1641604900986683392,"We're doing a really good job removing single use products and materials -  #reduce #replace #reuse #recycle - can we translate this mentality to data?

What do you do with your #geospatial data when you've finished your project?

https://t.co/F1h2zVfHRK

#FAIRdata #GeoNadir",DrKJoyce,4,3
5,2023-03-30 18:47:24+00:00,1641512467061694470,Big #FAIRdata news from @ScienceMagazine this week! We have partnered with @datadryad to integrate dataset deposition within our manuscript submission and tracking system https://t.co/JjOHcjHCvY,JakeYeston,19,6
6,2023-03-30 16:16:35+00:00,1641474512129540097,Final presentation of the day: @A_Katsanidou talks about #FairData &amp; #OpenScience and gives an overview about its meaning for #MEDem. Thank you for your contribution. üó≥Ô∏è#MEDemConference https://t.co/iBu5H5mC6w,MEDem_ERI,6,4
7,2023-03-30 15:52:39+00:00,1641468490749190146,New Guatemalan collection in @GBIF from the @GuatemalaPortal!! Congratulations to Dr. @RosaAJJimenezB (curator) and all the students and researchers involved! üá¨üáπüê¶ @mushnatUsac #FAIRdata #CiteTheDOI,coleopterasam,9,1
8,2023-03-30 15:07:16+00:00,1641457068929601541,"New blog from @DebsEThorpe on when @dri_ireland came to town !! 

#RDM #OpenData #FAIRdata @UCCResearch @CORA_UCC @CACSSS1",CoffeyAoife,7,4
9,2023-03-30 14:24:48+00:00,1641446382090477569,"The #MEDemConference concludes with a focus on #OpenScience and #FAIRdata by @A_Katsanidou 

@MEDem_ERI will uphold these principles and use them to serve democracy researchers https://t.co/qpBaWTChuA",pazmandy,4,2
10,2023-03-30 14:11:40+00:00,1641443077553545221,"üîé #Atlas #Search #Beta is live on the platform now!

Search through data from the private and public studies you have access to on platform

Search across characteristics such as assay type, #biomarker, sample traits etc.

#Bioinformatics #Spatialbiology #FAIRdata https://t.co/qcn54yjDGv",EnableMedicine,1,1
11,2023-03-30 13:32:30+00:00,1641433220318367744,"Founded in 2001, @hrzz_science promotes #FAIRdata principles and the move towards #OpenAccess within #Croatia.
Dejana Cariƒá, Croatian Science Foundation, at the #EOSCTripartite event üá≠üá∑
Follow live: https://t.co/wEP9LbgvII https://t.co/KL5Z5vYRny",eoscassociation,4,1
12,2023-03-30 13:09:30+00:00,1641427430903537664,"Today's @GBIF webinar concludes with @dschigel and the advantages of #publishing your data on @GBIF &amp; using #datapapers to describe it in #journals like @BioDataJournal.
üëçYou share your #biodiversity data in a standardised way on its way to #FAIRification!üí™
#FAIRdata #OpenData https://t.co/f1YNdWaDYZ",Pensoft,11,3
13,2023-03-30 12:00:02+00:00,1641409949136740354,"#NewDataset
Plankton &amp; fishing resources
&gt; 17K occurrences from #Portugal üáµüáπ
&gt; 12K #plankton #taxa
- abundance, gender &amp; sampling #FAIRdata 

available via https://t.co/x1QMPiJRLM

@jmeesvliz @VLIZnews @EMODnet #Biology @LifeWatchVLIZ @OBISNetwork #marinescience #OpenScience https://t.co/iF0ErkkRX5",EurOBIS_VLIZ,4,2
14,2023-03-30 11:15:11+00:00,1641398660477902848,"Sanja Jurkoviƒá and Lovorka ƒåaja share their experience with #DataStewardship at @institutrb, at the #EOSCTripartite event in #Croatia. 
A journey in support of the uptake of #FAIRdata principles and #OpenScience.
Full programme and livestream link: https://t.co/y56cFYmLmD https://t.co/5aybjTyFex",eoscassociation,2,2
15,2023-03-30 10:58:45+00:00,1641394526710382592,"Interesting fact from Twitter poll @antica_c ran on #opendata and #FAIRdata People found open easier to do than FAIR, but most don't want to be open. Lack of standards and tools is still a big barrier to FAIR 
#EOSC #EOSCtripartite #SrceDEI2023 https://t.co/5obD7oJ6t5",SarahRoams,5,3
16,2023-03-30 10:54:06+00:00,1641393356143034369,"This is our new video about #FAIRdata. Listen to #FAIR4Chem-Award Winner Prof. Dr. Lena Daumann @DaumannL , what she knows about how to handle data FAIR, why you should do it, and how to win prizes with it!

#Chemistry #chemtwitter #rdm #dmp #chemotion

https://t.co/nRZbjYPvje https://t.co/kmkA02I6P9",NFDI4Chem,13,7
17,2023-03-30 09:43:56+00:00,1641375697577865220,"@EUScienceInnov @SrceHr @EoscPortal @EOSCFuture The #EOSC SB produced 4 Opinion papers in 2022
Data Literacy: https://t.co/PAGuO94nmO
Commercial sector: https://t.co/cSRXCjGFLu
Sovereignty on #FAIRdata: https://t.co/suULNoQX7o
Monitoring #OpenScience: https://t.co/eaVlfKCqNH

#EOSCTripartite https://t.co/Z82jRZov1v",eoscassociation,2,2
18,2023-03-30 09:41:48+00:00,1641375161688391682,"@EUScienceInnov @SrceHr @EoscPortal It is fundamental to work towards data which is #FAIRbydesign, providing the necessary technology to meet the needs of research communities, allowing for #FAIRdata to be collected automatically.
Giorgio Rossi, #EOSC Steering Board
Live: https://t.co/wEP9LbfXTa https://t.co/VxQnmpTvCN",eoscassociation,1,1
19,2023-03-30 08:30:00+00:00,1641357092207628288,"The Focus session ""Making Experimental Data F.A.I.R. ‚Äì New Concepts for Research Data Management"" begins today!

‚è∞See you 15:00‚Äì18:30 in WIL A317!

#DPG2023 #DPGfr√ºhjahrstagung #FAIRdata #RDM https://t.co/MjPrMHq6oD",FAIRmat_NFDI,6,4
20,2023-03-30 07:24:19+00:00,1641340562782691332,"Data is the new gold rush, but only if you know how to use it! 

Join the #GeoNadir #dronemapping #FAIRdata revolution - access #drone data from all over the world and uncover some golden environmental opportunities

#datagoldrush #unlockyourdata

https://t.co/4IXBbe7m3P https://t.co/dMALQsda5S",GeoNadirAu,2,0
21,2023-03-30 07:16:22+00:00,1641338563848445953,"2/2
#fairdata #caredata
Direkt zum Portal ‚ÄûSammlungsgut aus kolonialen Kontextenüëá
https://t.co/TfAITYxWh5",ddbkultur,3,0
22,2023-03-30 07:00:00+00:00,1641334443506843649,"üì¢#Taxonomic &amp; other #biodiversity-related papers that demonstrate üëçadvantages &amp;üëçnovel approaches in accessing &amp; (re-)using üîùLINKED #biodiversity dataüîù welcome to @BioDataJournal in a special collection supported by our team @Bicikl_H2020!
#FAIRdata 
https://t.co/qcKC9ansob",Pensoft,5,1
23,2023-03-30 05:31:02+00:00,1641312055918571523,"#NewSpecies!
New copepod from the Pacific Ocean just surfaced:

Echinolaophonte musa

Treatment: https://t.co/BGtBwxbB9f
Publication: https://t.co/B8oo0voI2H
@Zoosyst_Evo @copepodology @CrustaceanSoci @aqualuvsuotd

#FAIRdata #nature #Biodiversity #conservation #science #copepods https://t.co/8o37EG6lN6",plazi_species,109,27
24,2023-03-30 05:21:29+00:00,1641309649117880320,Tutkimusaineistojen s√§ilytt√§minen ei k√§y k√§den k√§√§nteess√§ ja itsest√§√§n. Kansallisesti t√§rke√§ ja jatkuvasti kehitett√§v√§ Fairdata PAS -palvelu tarjoaa organisaatioille pitk√§aikaiss√§ilytt√§misen arvokkaita asiantuntijapalveluita. #CSC #Fairdata.fi https://t.co/nRdPKFJruI,ueflibrary,0,0
25,2023-03-29 22:30:00+00:00,1641206097510801409,"Last chance to register for the first Australian Open Science Network public event, on today at 2pm AEDT! üî¨ Open Science in Australia: How can we support key international initiatives. ‚ÑπÔ∏è  at https://t.co/ii9nvwnr7Q #OpenScience #OpenAccess #FAIRdata #CitizenScience",CAULalert,0,1
26,2023-03-29 18:59:09+00:00,1641153035073142795,"Francis P Crawley making the important point that the @UNESCO Open Science recommendation could just as easily be a recommendation on Science as a whole, or on Education #FAIRdata #crisisdata  https://t.co/O0B1c0HGrk https://t.co/8PmPgvzJVY",Mr_G_Smith,1,0
27,2023-03-29 16:59:14+00:00,1641122859366875136,"Becoming a @ethswarm node operator allowed us to offer excess resources for a fee, generating additional income. #Ownership is #control and the future of #fairdata 

https://t.co/Ua8Ov6Wq2V",DataFundProject,5,4
28,2023-03-29 16:05:23+00:00,1641109305276375044,"‚ÄòThe #WorldFAIR Project‚Äôs cross-domain interoperability framework‚Äô, 20 March workshop co-located with #RDAPlenary: A post-workshop report, slides and recording now available üëâhttps://t.co/UU74ot52Tj
#FAIRdata #OpenScience #datascience #opendata",WorldfairP,6,2
29,2023-03-29 14:55:44+00:00,1641091778097889281,"Did you miss our session on @OpenResearch_EU and our Diamond OA publishing model, designed specifically for researchers with #h2020 and #HorizonEU funding?

You can watch it back at the link below üëá

#OpenScience #europeancommission #FAIRdata",RuthFshr,6,7
30,2023-03-29 13:56:42+00:00,1641076919515983875,"#FAIRdata in chemistry and catalysis!
#digitalchemistry and #digitalcatalysis 
Come along!",HerresLab,2,0
31,2023-03-29 13:49:00+00:00,1641074982645293058,"Early registration is open for #BigDat2023! FYI participants will get 2 ECTS credits from @ULPGC!

Summer 7th International School on Big Data
üìç Las Palmas de Gran Canaria, Spain (&amp; virtual)
üìÖ July 17-21, 2023

Learn more &amp; register: https://t.co/W6EeBA6l5O

#OpenData #FAIRdata https://t.co/ItdXNiO4gu",INCForg,0,0
32,2023-03-29 12:05:09+00:00,1641048848717021185,"Aaaaand we are back! Dr Romain David is presenting the WP3 - #DataManagement and its achievements! 

We are committed to developing and using #FAIRdata and we are working closely with @EoscLife and @resdatall or @BYCOVID_eu on this üñ•Ô∏èüí° https://t.co/knUDqvSLAH",isidore_eu,4,2
33,2023-03-29 08:39:05+00:00,1640996992162619393,PIDs for survey variables presentation at the #9KSWD. What a pleasure to get feedback from the community! #konsortSWD #researchdata #persistentidentifiers #RDM #FDM #FAIRdata #berlin @ratSWD @NFDI_de https://t.co/fjlnF0V0PS,Janete_Estevao,4,0
34,2023-03-29 08:35:00+00:00,1640995961534128129,"Have you registered???
Towards a FAIRer World -  UNESCO SymposiumüèõÔ∏èüåè
Happening NOW ‚ÑπÔ∏è More about üëâhttps://t.co/RSG7YcMbtz
@CODATANews @UNESCO #OpenScience #FAIRdata #challenges #DataPolicy #security #transformation #infrastructure #researchers #PolitechnikaKrakowska https://t.co/PI15Q5Iu0z",Biblioteka_PK,1,1
35,2023-03-29 08:03:40+00:00,1640988077333127168,"Visit the #FAIRmat and #DAPHNE4NFDI booth  at #DPGSpringMeeting to learn about #FAIRdata, #RDM #FDM and @NFDI_de ! 
#DPG2023 https://t.co/NDAF3qlC3c",FAIRmat_NFDI,4,1
36,2023-03-29 06:23:15+00:00,1640962808958406656,"Day 1 of @FAIRmat_NFDI booth at #DPG2023 (SKM) has been full of discussions &amp; live demos.
We are still here @tudresden_de  Auditorium Center (HSZ) H27, today and tomorrow.
Pass by to get your free copy of the FAIRmat guide to writing #RDM plans.
#FAIRdata #DPGfr√ºhjahrstagung https://t.co/kzpIJRu3Vd",ahm531,11,2
37,2023-03-29 05:20:50+00:00,1640947097636577282,"#NewSpecies
New corymorphid from ‚ÄúGhost Bay‚Äù, Southeast Asia just surfaced!

Corymorpha tropica

Treatment: https://t.co/xFzyT7had6
Publication: https://t.co/iwzH4Vbywr
@Zootaxa @MarBiolNews @aqualuvsuotd @TUExplorer1 @MarineGenomics

#FAIRdata #nature #biodiversity #conservation https://t.co/WJAVrpoayi",plazi_species,122,20
38,2023-03-28 17:31:58+00:00,1640768708078436359,Nice to act again act as a sparrer in a hackathon. Especially in today‚Äôs #DataSpaceHackathon. Pushing the #dataeconomy a little bit further towards reality! #dataspaces #fairdata #Tritom #DataSpaceEurope https://t.co/Xt1DpdH47A,hannuhaapala1,0,0
39,2023-03-28 16:02:02+00:00,1640746074892640257,"üö®Just published:

Nicola Wiles, Laura Thomas. (2023). GENPOD trial dataset. 

https://t.co/p8yOZKBLhd

#dataset #FAIRdata @The_MRC @Brms_Research https://t.co/9lTAuHZdQF",databris,0,0
40,2023-03-28 14:15:05+00:00,1640719158643142656,"Mein Thema wird (wohl) noch ein wenig nachoptimiert ... #Forschungsdatenmanagement / - #Bibliotheken und die bestm√∂glichen #Kooperationen 
Mich interessiert das #FDM in der Medizin sehr, bin dazu gut vernetzt ... und informiere mich st√§ndig. #Kommunikation #FAIR #FAIRdata",fdmincoop,2,0
41,2023-03-28 14:12:13+00:00,1640718440255340546,@TUS_LibraryMD @TUS_LibraryMW @tus_rdi @ait_research @run_euniversity #OpenScience #OpenData #FAIRdata,tania_marsh13,3,3
42,2023-03-28 13:02:13+00:00,1640700824169873408,"üö®Just published:

Roy C. Bullock, Tobias Laux, Janice M.  Dulieu-Barton, Ole T. Thomsen (2023): Open-hole shear test data of composite laminates. 

https://t.co/EOFGpBXaPj

#dataset #FAIRdata @EPSRC @BristolUniEng https://t.co/AZ439XGLT3",databris,0,0
43,2023-03-28 12:50:06+00:00,1640697774894202880,"üí¨""The paper proposes an interesting solution to the problem of correct #datamanagement in the cultural #heritage sector. The proposed solution is obtained thanks to concrete experiences on projects,""
says reviewer Andrea Pandurino.
üîóSee: https://t.co/bvnJloVcVy
#FAIRdata https://t.co/fnTFJSaJIX",RIOJournal,1,1
44,2023-03-28 10:54:07+00:00,1640668586736795649,"@wilhwid @BBMRIERIC @ilireh @ECRIN_ERIC @tugraz @GATE_CoE @EOSCFuture @NI4OS_eu @EoscPortal @Vetenskapsradet @Stockholm_Uni The Austrian #OpenScience Policy incentivises the adoption of OS practices, defines indicators for its implementation, establishes links to #EOSC, and also covers #FAIRdata, research integrity, skills and education, and #citizenscience.
@ilireh @tugraz #EOSCTripartite https://t.co/lPwMoubkMF",eoscassociation,0,1
45,2023-03-28 10:52:12+00:00,1640668101200027648,"I spent this morning with @EeroRinne and the students of AGF-211 @UNISvalbard. 

It was great to see what data they have been collecting this term. 

The data will be published  in #NetCDF files!

#FAIRdata",LukeDataManager,2,0
46,2023-03-28 10:37:03+00:00,1640664290452447237,"The first panel at today's #EOSCTripartite event in #Bulgaria focuses on infrastructures in support of #OpenScience and #FAIRdata, maximising the benefits of #researchdata, with guests from key RIs and #EOSC-related initiatives.
Full programme: https://t.co/bOfLqAqsll https://t.co/5boQ83nGIL",eoscassociation,9,3
47,2023-03-28 10:00:53+00:00,1640655186694643712,"üí∞That's right! We will provide financial support to üá™üá∫ individuals &amp; organisations aiming to develop #FAIRdata implementation tools &amp; approaches. Read our FAQs to learn about the 3 OpenCalls that will be launched between 2023 and 2025üì£
Check the link!
 https://t.co/cuPtQQ5Td6 https://t.co/qxmSA88pQW",fairimpact_eu,14,13
48,2023-03-28 09:48:14+00:00,1640652006120386560,"The first main recommendation from the studying on scientific impact of research infrastructure: Traceability of results. On the top of it are‚Ä¶ PIDs. 
#9KSWD #konsortSWD #researchdata #persistentidentifiers #RDM #FDM #FAIRdata #berlin @ratSWD @NFDI_de https://t.co/NpeFaPXw7o",Janete_Estevao,5,3
49,2023-03-28 08:09:00+00:00,1640627030982115329,"‚ú®Today: Free @MetaCell webinar!‚ú®

üìÖ Mar 28, 1-2pm EDT

For researchers looking for innovative ways to set up &amp; execute their life science data analyses in a collaborative, extensible, open-source cloud environment!

Register here: https://t.co/0HrhHh4qcu

#FAIR #FAIRdata https://t.co/84sR3ofumd",INCForg,1,1
50,2023-03-28 07:55:57+00:00,1640623747739598849,"Come and visit us and #DAPHNE4NFDI at our booth today, tomorrow and Thursday!
‚û°Ô∏è Booth H27 in the HSZ
#DPG2023 @NFDI #FAIRdata https://t.co/RzUhLebSG5",FAIRmat_NFDI,8,3
51,2023-03-28 07:55:51+00:00,1640623721592258561,"#EOSC is an overarching system that supports research and innovation through serviced access to #FAIRdata. The focus of EOSC is to become a public good. 
Read the opinion paper: https://t.co/cSRXCjGFLu
3/4 https://t.co/CTOvuih3Zp",eoscassociation,1,0
52,2023-03-28 07:55:49+00:00,1640623716253024256,"EOSC Steering Board for Italy Giorgio Rossi presents the 3 key policy issues identified by the #EOSC  for 2022:
#dataliteracy
#EOSC and the private sector
EOSC #sovereignty on #FAIRdata
These brought to a series of opinion papers, which you can find in the following links:
1/4 https://t.co/oBu5WIzvGO",eoscassociation,2,0
53,2023-03-28 07:49:34+00:00,1640622139949580289,"Workshop, ‚ÄòThe WorldFAIR Project‚Äôs cross-domain interoperability framework‚Äô, 20 March: slides and recording now available
https://t.co/DFBr1YNLVh
#codata #FAIRdata #OpenScience #datascience #opendata https://t.co/DSOhKfCZgh",CODATANews,20,14
54,2023-03-28 05:43:23+00:00,1640590387441188864,"#NewSpecies!
New bush-cricket from Brazil just crawled in:

Listroscelis cyanotibiatus

Treatment: https://t.co/8QMYD7hAZW
Publication: https://t.co/E7PUoLxNhU
@Zootaxa @insect_otd @CSE_at_FSCA @RoyEntSoc @OrthopteraCH

#FAIRdata #nature #Biodiversity #conservation #entomology https://t.co/oPNZ1Oy8hW",plazi_species,502,114
55,2023-03-27 23:01:16+00:00,1640489191891976192,"Making your data findable, accessible, interoperable &amp; reusable (FAIR) can significantly increase the impact of your #research and gain more citations for your datasets. To help you achieve #FAIRness, we put together a wide range of #FAIRdata resources:üìñ https://t.co/1l9Fnxlyip",ARDC_AU,7,1
56,2023-03-27 18:50:52+00:00,1640426175943065628,"@FairChemistry @WorldfairP @IUPAC Thank you, Leah and everybody at the @IUPAC Committee on Publications and Cheminformatics Data Standards and @FairChemistry, for everything you do to make all chemical data FAIRer! @WorldfairP @CODATANews @resdatall  #FAIRdata #ACSSpring2023",javiergarciamar,2,0
57,2023-03-27 15:19:00+00:00,1640372856105353217,"‚ú®Tomorrow: Free @MetaCell webinar!‚ú®

üìÖ Mar 28, 1-2pm EDT

For researchers looking for innovative ways to set up &amp; execute their life science data analyses in a collaborative, extensible, open-source cloud environment!

Register here: https://t.co/0HrhHh4Y22

#FAIR #FAIRdata https://t.co/6ZOZsQjbUN",INCForg,1,1
58,2023-03-27 14:40:26+00:00,1640363150418534403,"Sciebo RDS, a key #CS3MESH4EOSC technology, simplifies üî¨#research #datamanagement &amp; promotes #FAIRData principles. üîóIntegrated with #ScienceMesh, it enables direct #data export from EFSS systems to #data repositories like @ZENODO_ORG. üì¢Learn more: https://t.co/TyywmR0ibm https://t.co/8OiqNwHc9X",cs3org,2,0
59,2023-03-27 12:43:23+00:00,1640333695960723457,.@sarapittonet @TrustITServices presents the FAIR-IMPACT Grants Platform where #repositories #researchinfrastructures #datamanagers can apply to have our support in improving #datafairness &amp; using #ROcrate #metadata. Learn about our #FAIRdata #opencallsüëâhttps://t.co/viSxySzhZO https://t.co/4YNCiUgnmd,fairimpact_eu,8,3
60,2023-03-27 12:36:37+00:00,1640331994243399682,"At FAIR-IMPACT webinar @soilandreyes @conservancy explains the scope of ""Support Offer 2: Enabling #FAIR Signposting &amp; #ROCrate for content/#metadata discovery &amp; consumption"" üôåApply to have our help in embrancing #FAIRdata. Learn more hereüëâ https://t.co/gWNQYDCigE #openscience https://t.co/if17X56Hgo",fairimpact_eu,4,1
61,2023-03-27 12:26:16+00:00,1640329387038978050,FAIR-IMPACT webinar #OpenCalls  for financial support being launched this April to help üá™üá∫ embrance #FAIRdata practices. @jonquet_lirmm @INRAE_France provides an overview of the Offer 1: FAIRness assessment challenge for datasets &amp; semantic artefacts https://t.co/viSxySzhZO https://t.co/meLBt4e1vt,fairimpact_eu,7,6
62,2023-03-27 12:16:22+00:00,1640326894867365888,Check out the new changes of how the @GWASCatalog will be distributing summary statistics: https://t.co/jx6iOSUhnd! New metadata and formats to make sumstats #FAIRdata and improve utility in other applications like polygenic scores. https://t.co/gOQ4zQT34g,PGSCatalog,11,8
63,2023-03-27 12:07:57+00:00,1640324776865460224,Visit our booth (HSZ/H27) at #DPG2023 to see live demos on NOMAD and #FAIRdata for #MaterialsScience!üóìÔ∏è‚¨áÔ∏è https://t.co/fZC52OlnrP,FAIRmat_NFDI,3,3
64,2023-03-27 12:07:53+00:00,1640324760998428676,"The 9th KSWD conference is just starting. What an exciting meeting, boosting the interaction between science, politics, media and society to create a new data culture in Germany.
#9KSWD #konsortSWD #researchdata #persistentidentifiers #RDM #FDM #FAIRdata #berlin @ratSWD @NFDI_de https://t.co/lsbG2xzH0c",Janete_Estevao,3,0
65,2023-03-27 11:32:08+00:00,1640315764866465793,"Can molecules be described by a ""barcode""? Check out here to listen how MolBar can make chemical database better....
#FAIRdata
@NFDI_de 
#digitalchemistry",HerresLab,3,1
66,2023-03-27 11:10:08+00:00,1640310229299503104,"Reminder: Stammtisch March 2023 with Nils van Staalduinen &amp; Jun.-Prof. Christoph Bannwarth talking about ""MolBar"", a new form of molecular representation

Details/Registration (req):
https://t.co/QbvRavieQt 

#infrastructure #data #research #fairdata #Chemistry #chemtwitter https://t.co/Z23GJx703G",NFDI4Chem,5,2
67,2023-03-27 11:01:08+00:00,1640307962060197888,"I will be at #DPGSpringMeeting this week in #Dresden representing @FAIRmat_NFDI
Visit our booth to learn more about #FAIRdata management, our tools and infrastructure, and the #RDM #training and #education opportunities that we offer.",ahm531,7,2
68,2023-03-27 10:30:05+00:00,1640300148696702977,"At @DASSH we provide the tools and services for the long-term curation, management, preservation and publication of marine species and habitats data. We are committed to the FAIR (Findable, Accessible, Interoperable and Reusable) Data Principles. #FAIRData #MBAData https://t.co/Nn6dFdKBKN",thembauk,7,3
69,2023-03-27 10:03:02+00:00,1640293340192145415,"FAIRmat's Area F is driving adoption of #FAIRdata management in the scientific community! Through community engagement,  training, and outreach, we ensure that our  tools and infrastructure meet the needs of researchers. Join us at #DPG2023 #DPGfr√ºhjahrstagung to learn more. https://t.co/cUzohQAajh",FAIRmat_NFDI,2,0
70,2023-03-27 10:03:01+00:00,1640293338006929410,NOMAD is empowering the materials science community! Area E are creating use cases to demonstrate how the tools developed by FAIRmat support the research of various sub-communities. Join our experts at #DPG2023 #DPGfr√ºhjahrstagung to learn more #FAIRdata https://t.co/SlwS81Arz1,FAIRmat_NFDI,2,0
71,2023-03-27 10:03:01+00:00,1640293335964217344,FAIRmat Area D lays the foundation of a federated research data infrastructure for the condensed-matter and chemical-physics community. Join our experts from Area D at #DPG2023 #DPGfr√ºhjahrstagung #FAIRdata https://t.co/TCnSTJSYRp,FAIRmat_NFDI,2,0
72,2023-03-27 10:03:00+00:00,1640293333745500167,"We are enhancing NOMAD infrastructure and services by adding recent ab initio advancements, classical simulations, multiscale modeling, and excited states methodology. Learn more from our experts from Area C at #DPG2023 #DPGfr√ºhjahrstagung #FAIRdata https://t.co/xHsrcViTEi",FAIRmat_NFDI,5,1
73,2023-03-27 10:03:00+00:00,1640293331711164418,Attention #SolidStatePhysics and #PhysicalChemistry researchers! We're revolutionizing #RDM by creating a complete cycle through FAIR concepts. Join our experts from Area B at #DPG2023 #DPGfr√ºhjahrstagung to discover how we're building a comprehensive RDM system. #FAIRdata https://t.co/REEolowbp2,FAIRmat_NFDI,2,0
74,2023-03-27 10:02:59+00:00,1640293329110745088,"Unlock the secret to reproducible sample #synthesis with FAIR #datamanagement!
Our speakers from Area A will reveal how we're identifying hidden synthesis parameters, devising synthesis recipes, and making characterization data accessible. #DPG2023 #DPGfr√ºhjahrstagung #FAIRdata https://t.co/2qUz6nOder",FAIRmat_NFDI,1,0
75,2023-03-27 10:02:58+00:00,1640293326669611008,"Join us on Thursday for a topical talk by our deputy spokesperson, Prof. Christoph T. Koch @HumboldtUni , and discover how FAIRmat is working to make FAIR data management a reality. #FAIRdata #DPG2023 #DPGfr√ºhjahrstagung https://t.co/SibX2H0SI3",FAIRmat_NFDI,3,1
76,2023-03-27 07:00:01+00:00,1640247283349372931,"A recording of a recent presentation:

How to publish @UNISvalbard  data

Which data centres? File types? Conventions? How to publish #FAIRdata 

https://t.co/0nQ8MAln6t https://t.co/W75iui5nbU",LukeDataManager,4,1
77,2023-03-27 05:33:00+00:00,1640225384858886145,"#NewSpecies!
New land snail from China just crawled in:

Laeocathaica qishilii

Treatment: https://t.co/8kGAyo6eoD
Publication: https://t.co/EFfiLIbY8f
@ZooKeys_Journal @MalacSoc @malacologica @AMS1931 @FemoraleShells

#FAIRdata #biodiversity #conservation #malacology #snails https://t.co/pLiSilDTp4",plazi_species,162,40
78,2023-03-27 05:19:00+00:00,1640221860997779456,"‚ú®Tomorrow: Free @MetaCell webinar!‚ú®

üìÖ Mar 28, 1-2pm EDT

For researchers looking for innovative ways to set up &amp; execute their life science data analyses in a collaborative, extensible, open-source cloud environment!

Register here: https://t.co/0HrhHh4Y22

#FAIR #FAIRdata",INCForg,1,1
79,2023-03-26 06:11:07+00:00,1639872590721306625,"#NewSpecies!
New jewel beetle from the China just flew in!

Anthaxia svatoplukbilyi

Treatment: https://t.co/DKRIfgOKJ7
Publication: https://t.co/OV6SGJQDdn
@ZooKeys_Journal @entomologyArt @ColeopSoc @EntCollNet @NMNH_Entomology

#FAIRdata #biodiversity #conservation #insects https://t.co/4P298kVHzS",plazi_species,51,13
80,2023-03-25 18:11:49+00:00,1639691574194892802,Such exciting news! The Netherlands is an exciting and inspiring place to be for #openscience &amp; adding @martateperek &amp; @jeroenson will make the @NWONieuws dept an unstoppable dream team. Can't wait to see what you all achieve! #researchfunder #EOSC #FAIRdata #watchthisspace,SarahRoams,16,5
81,2023-03-25 05:42:54+00:00,1639503103111098368,"#NewSpecies!
Costus whiskeycola
A newly discovered plant from Colombia not named after a drink but after its type locality El Whiskey with ""cola"" latin for ""living in""!

Treatment: https://t.co/h6LTKCcIp2
Publication: https://t.co/4FMxRsyD2Q
@Phytotaxa @Flora_Incognita

#FAIRdata https://t.co/fcWcEaczpU",plazi_species,94,25
82,2023-03-24 20:29:41+00:00,1639363879678402572,"And who has missed the workshop on research data management at the #CDT2023 this year, can find the slides here: https://t.co/cmiXNLyFok
#FAIRdata for chemistry! #chemtwitter @NFDI4Chem 
Thank you to Pascal!",HerresLab,2,0
83,2023-03-24 16:49:41+00:00,1639308515675193346,"Behind every great structure there's a great (big) data set too! @IUCrData are now publishing #RawDataLetters to promote Findable, Accessible, Interoperable and Reusable #OpenAccess #FAIRdata Read more at https://t.co/U3h1UFNLnq and https://t.co/ntITCUsJEy https://t.co/sHkzkXiTK1",publcif,2,0
84,2023-03-24 16:30:15+00:00,1639303623837614081,"Learn about new #openaccess #immunology data and resources to support your research, and keep up with the research community through #ImmPortDB's quarterly newsletter.

Stay in touch! Register here today https://t.co/iu8UDb7iJN

#DataSharing #OpenScience #DYK #FAIRdata #data https://t.co/LcRiPiwqPl",ImmPortDB,1,2
85,2023-03-24 13:09:15+00:00,1639253041491632129,"#NewSpecies
New moray eel from india just swam in on #fishfriday:

Gymnothorax tamilnaduensis

Treatment: https://t.co/WHga6GRfNZ
Publication: https://t.co/Pi4X1hPMDm
@Zoosyst_Evo @WRMarineSpecies @FishBaseProject @FishInTheNews
#FAIRdata #nature #Biodiversity #conservation #Fish https://t.co/31O2exm3Lc",plazi_species,68,15
86,2023-03-24 12:33:13+00:00,1639243972458446849,"Example data structures in CDI - wide, long, multi-dimensional and key-value. CDI facilitates programatic transformation of data structures which is very useful for data integration @DDIAlliance @CODATANews @WorldfairP #fair #fairdata #interoperability #openscience https://t.co/1LBX054WDd",simonhodson99,6,4
87,2023-03-24 12:32:05+00:00,1639243686105022466,"#NewSpecies!
New fly from the Lower Eocene of Colorado, USA just surfaced on #fossilfriday!

Eornithoica grimaldii

Treatment: https://t.co/fDyjqnMoMO
Publication: https://t.co/GZA7pv94iA
#Palaeoentomology @PaleoDB @PaleoSoc @PaleoSynth

#FAIRdata #biodiversity #paleo #insects https://t.co/P9uzjhXx07",plazi_species,40,14
88,2023-03-24 10:47:20+00:00,1639217324652916737,"Our 5th #NFDI section, Industry Engagement (section-industry), is starting. 
The goal of the section is to coordinate cooperation with industry and thereby create more value for society. 

‚û°Ô∏èMore: https://t.co/92jkiZhNck

#FDM #RDM #FAIRdata https://t.co/rzyWFbcbv8",NFDI_de,10,6
89,2023-03-24 09:37:55+00:00,1639199857578504192,"Suis-je le seul √† gal√©rer pour expliquer clairement en quoi consistent les principes #FAIRdata pour les donn√©es ? Moi je dis :
- Findable : DOI et m√©tadonn√©es
- Accessible : dans un entrep√¥t
- Interoperable : formats ouverts
- Reusable : licence ouverte

Comment faites-vous ? https://t.co/AIP6mMefna",RomBoistel,21,6
90,2023-03-24 09:36:47+00:00,1639199573485793280,üñáÔ∏èPUBLICATION ALERT üñáÔ∏èOur paper on the FAIR Data Station is out now! #FAIRData #FAIRDataStation #FAIRDataPlatform #UNLOCK #UNLOCKMicrobialPotential (by a.o. @jjkoehorst),UnlockMicrobes,3,3
91,2023-03-24 09:03:37+00:00,1639191225197645824,".@moraneottilia @SWHeritage is at #RDAPlenary #Gothenburg #FAIRImpact @FAIRCORE4EOSC
 workshop on #metadata for #FAIRdata. Its important for #datamanagers to become familiar with #software shcemes on metadata &amp; know tools to help create metadata. Joins us! https://t.co/QUk3SiaokD https://t.co/LVxCTwPVin",fairimpact_eu,8,4
92,2023-03-24 09:00:00+00:00,1639190314232733698,"Schon mal von den #NFDI-ToolTalks geh√∂rt?üëÇ
Diese finden regelm√§√üig online statt und werden auf YouTube aufgezeichnet. ‚èØ

Im letzten #ToolTalk stand die FDM-Plattform #Coscine im Rampenlichtüî¶  

‚ÑπÔ∏è https://t.co/d1fCqpr6DK

#FDMRWTH #FAIRdata #RDM https://t.co/hid47QKGz5",ITCenterRWTH,1,1
93,2023-03-24 08:31:06+00:00,1639183042689265667,@moraneottilia @SWHeritage is at #RDAPlenary #Gothenburg #FAIRImpact @FAIRCORE4EOSC workshop on #metadata for #FAIRdata. Its important for #datamanagers to become familiar with #software shcemes on metadata &amp; know tools to help create metadata. Joins us! https://t.co/QUk3SiaokD https://t.co/7V4BWCVvgw,fairimpact_eu,8,1
94,2023-03-24 07:56:39+00:00,1639174374614810624,"""A global approach for natural history museum collections "" @leafdoctor how can you talk #FAIRdata and publish closed access? Would be helpful to get @openaccess to your important article  https://t.co/hPdWENTOij #biodiverstiy",myrmoteras,3,1
95,2023-03-24 07:54:01+00:00,1639173708945260545,"Retrieved data is not identical in content &amp; structure, which lowers its quality, usability &amp; trust. Join us for an open discussion today at 4pm EET. @valexiev1 will demonstrate how #bSDDdata can go full #FAIRdata.

üìå https://t.co/tFICd7zg5c
üéÆ https://t.co/nfDNWOQt7j",ontotext,1,0
96,2023-03-24 07:45:00+00:00,1639171439717654529,"üòïWhat is a research data management plan?
ü§îWhy should I have to write one?
ü§®How does it benefit me?

üòÑYou can find out in our new guide to writing a DMP!

https://t.co/RfGOdhgyqm

#RDM #FDM #DataManagement #FAIRdata",FAIRmat_NFDI,3,2
97,2023-03-24 07:35:47+00:00,1639169119944683525,"#NewSpecies!
A newly discovered fungus from Mexico for #FungiFriday!

Pseudoboletus silvaticus

Treatment: https://t.co/u3fcYI2jYN
Publication: https://t.co/IIdyb8YGeE
@Phytotaxa @KewMycology @allthingsfungi @MycoFun @globalfungi

#FAIRdata #nature #conservation #fungi #mushrooms https://t.co/jS9DVfjpPI",plazi_species,79,24
98,2023-03-23 22:09:35+00:00,1639026633851150336,"Today, Fabian has presented recent results from our lab entitled ""Integrating Digitalization and Research Data Management (RDM) into the Curricula of Bachelor and Master Students in Chemistry"" at the SMuK23-DPG Spring Meeting in Dresden.
@NFDI4Chem @NFDI_de #FAIRdata https://t.co/P23dfcTGyq",HerresLab,13,2
99,2023-03-23 20:20:17+00:00,1638999125130727448,"Happy World Meteorological Day üéâ  #worldmetday #fairdata #fairnesscost 

https://t.co/bzrM95Qm9J",CostFairness,1,0
100,2023-03-23 17:37:54+00:00,1638958261234724877,"Interested in #FAIRdata practices? Curious about openly sharing #data from publicly-funded #ClinicalTrials? Join ILSI's focus area on #DataAccess &amp; #DataSharing for #food and #nutrition trials: 
https://t.co/WGBGzGhcXJ 

#NationalNutritionMonth #NutritionMonth #research https://t.co/8elDFjs0YN",ILSI_Global,0,0
101,2023-03-23 16:13:19+00:00,1638936976224124928,"Such a great initiativeüëá
A new online home for otherwise 'homeless' atmospheric data across the disciplines, including:
‚òÅÔ∏èairborne data from moving platforms, 
‚òÅÔ∏èsurface data on greenhouse gases and 
‚òÅÔ∏èdata on reactive trace gases, cloud and aerosol particles
#FAIRdata #EUfunded",radical_air,8,3
